Code,Klassifikator,Klassifikator_ru,Klassifikator_en,Klassifikator_uzc,2010,2011,2012,2013,2014,2015,2016,2017,2018,2019,2020,2021,2022
1700,O‘zbekiston Respublikasi,Республика Узбекистан,Republic of Uzbekistan,Ўзбекистон Республикаси,13683.8,18336.4,21527.8,28614.1,33868.5,42085.5,48253.8,59690.4,83512.6,110321.0,129348.6,155159.1,145011.7
1735,Qoraqalpog‘iston Respublikasi,Республика Каракалпакстан,Republic of Karakalpakstan,Қорақалпоғистон Республикаси,250.7,334.4,391.4,579.0,699.2,1051.1,1088.8,1209.2,1815.0,2377.6,2804.2,2945.6,2393.3
1735401,Nukus shahri,Город Нукус,Nukus city,Нукус шаҳри,92.1,135.4,142.1,177.1,201.7,233.5,255.6,299.6,595.4,665.2,562.6,621.8,529.1
1735204,Amudaryo tumani,Амударьинский район,Amudarya district,Aмударё тумани,17.8,19.2,18.0,28.7,45.5,81.9,85.1,96.1,127.5,146.1,166.6,182.0,198.5
1735207,Beruniy tumani,Берунийский район,Beruniy  district,Беруний тумани,22.8,29.6,35.8,46.7,54.8,90.2,95.1,107.1,118.5,213.4,285.2,208.2,178.3
1735209,Bo‘zatov tumani,Бозатауский район,Bozatau district,Бўзатов тумани,0.0,0.0,0.0,0.0,0.0,0.0,0.0,0.0,0.0,8.5,12.9,15.5,16.4
1735211,Qorao‘zak tumani,Караузякский район,Karauzak district,Қораўзак тумани,2.0,2.5,3.1,9.7,14.3,28.8,23.9,31.0,43.0,53.7,62.6,60.6,37.8
1735212,Kegeyli tumani,Кегейлийский район,Kegeyli district,Кегейли тумани,4.6,6.6,8.5,16.0,19.4,35.1,35.5,35.7,50.4,49.1,46.1,177.6,57.9
1735215,Qo‘ng‘irot tumani,Кунградский район,Kungrad district,Қўнғирот тумани,16.8,23.8,35.0,47.1,64.4,85.2,89.2,112.1,117.1,167.4,184.8,173.0,122.5
1735218,Qanliko‘l tumani,Канлыкульский район,Kanlykul district,Қанликўл тумани,2.7,3.5,4.8,9.6,13.0,17.3,17.4,18.4,31.2,136.6,155.8,38.6,33.4
1735222,Mo‘ynoq tumani,Муйнакский район,Muynak district,Мўйноқ тумани,1.3,1.8,3.6,4.0,5.4,12.7,12.7,13.0,17.1,28.5,40.9,38.9,48.8
1735225,Nukus tumani,Нукусский район,Nukus district,Нукус тумани,3.1,3.9,5.3,8.3,11.4,20.1,21.3,23.8,39.2,58.3,54.3,57.9,46.9
1735228,Taxiatosh tumani,Тахиаташский район,Takhiatash district,Тахиатош тумани,0.0,0.0,0.0,0.0,0.0,0.0,0.0,5.3,118.6,125.3,187.0,347.9,330.6
1735230,Taxtako‘pir tumani,Тахтакупырский район,Takhtakupyr district,Тахтакўпир тумани,2.3,3.0,3.7,7.8,10.3,14.7,14.5,14.4,19.8,84.9,116.5,120.4,93.7
1735233,To‘rtko‘l tumani,Турткульский район,Turtkul district,Тўрткўл тумани,14.1,18.8,25.7,37.7,53.9,117.5,110.5,121.7,168.7,172.5,236.6,260.4,222.2
1735236,Xo‘jayli tumani,Ходжейлийский район,Khojeyli district,Хўжайли тумани,53.6,75.4,77.7,106.5,114.5,170.7,186.3,192.2,173.6,176.6,197.8,189.3,155.1
1735240,Chimboy tumani,Чимбайский район,Chimbay district,Чимбой тумани,10.2,7.6,11.8,28.1,38.7,53.9,59.3,54.4,64.9,96.8,148.1,159.0,132.7
1735243,Shumanay tumani,Шуманайский район,Shumanai district,Шуманай тумани,1.7,2.2,2.3,6.4,8.4,21.1,22.0,21.7,36.0,51.2,152.5,56.5,32.9
1735250,Ellikkala tumani,Элликкалинский район,Ellikkala district,Елликкала тумани,5.6,1.1,14.2,45.3,43.6,68.6,60.1,62.6,94.1,143.7,193.7,237.9,156.5
1703,Andijon viloyati,Андижанская область,Andijan region,Aндижон вилояти,3266.9,3887.6,4843.0,6717.3,7329.6,7159.7,5313.5,9853.1,21385.4,26179.4,27490.4,25823.9,36563.5
1703401,Andijon shahri,Город Андижан,Andijan city,Aндижон шаҳри,165.4,199.6,271.3,399.4,463.5,732.2,825.1,1005.8,1112.9,1210.9,1501.3,1877.7,1097.1
1703408,Xonobod shahri,Город Ханабад,Khanabadcity,Хонобод шаҳри,2.9,10.4,19.8,6.9,24.3,86.8,98.7,127.9,104.9,128.4,109.6,464.8,306.2
1703202,Oltinko‘l tumani,Алтынкульский район,Altynkul  district,Олтинкўл тумани,10.6,14.3,21.0,23.9,53.0,147.9,202.4,302.3,390.1,400.6,532.0,655.5,266.1
1703203,Andijon tumani,Андижанский район,Andijan district,Aндижон тумани,21.4,55.2,44.5,59.9,103.2,205.7,269.9,345.8,458.5,508.2,627.2,746.0,744.7
1703206,Baliqchi tumani,Балыкчинский район,Balykchi district,Балиқчи тумани,13.3,16.7,19.5,32.9,64.8,157.6,177.3,252.6,273.7,238.1,305.4,516.7,283.2
1703209,Bo‘ston tumani,Бустонский район,Bustan district,Бўстон тумани,7.8,3.6,4.4,6.5,28.5,63.0,78.6,66.8,105.2,266.0,170.3,188.5,215.5
1703210,Buloqboshi tumani,Булакбашинский район,Bulakbashi district,Булоқбоши тумани,2.4,7.7,10.8,14.0,35.7,99.2,128.8,167.8,182.3,250.8,294.7,278.2,272.7
1703211,Jalaquduq tumani,Жалакудукский район,Jalаquduk district,Жалақудуқ тумани,7.4,10.0,15.4,16.2,54.3,134.7,156.7,186.5,248.9,385.0,350.3,614.0,734.5
1703214,Izboskan tumani,Избасканский район,Izbaskan district,Избоскан тумани,13.6,20.0,15.6,21.3,57.3,138.8,155.2,175.3,285.2,242.8,721.4,524.1,647.6
1703217,Ulug‘nor tumani,Улугноpский район,Ulugnor district,Улуғнор тумани,1.1,1.0,2.0,2.3,16.1,47.0,53.9,47.6,86.1,154.6,141.8,246.2,290.7
1703220,Qo‘rg‘ontepa tumani,Кургантепинский район,Kurgantepa district,Қўрғонтепа тумани,32.8,43.8,37.2,41.0,79.3,197.7,213.0,214.8,278.5,489.5,521.1,495.1,368.9
1703224,Asaka tumani,Асакинский район,Asaka district,Aсака тумани,2893.9,3403.4,4258.8,5899.4,6028.1,4463.4,2163.8,6043.2,16703.4,20251.2,20156.4,16844.0,28248.1
1703227,Marxamat tumani,Мархаматский район,Markhamat district,Мархамат тумани,12.3,16.3,11.5,17.7,50.0,115.2,123.6,149.2,196.9,284.3,378.5,330.8,248.1
1703230,Shaxrixon tumani,Шахриханский район,Shakhrikhan district,Шахрихон тумани,42.5,41.3,59.3,101.1,150.5,290.2,324.3,372.8,369.8,558.3,575.4,646.8,661.1
1703232,Paxtaobod tumani,Пахтаабадский район,Pakhtaabad district,Пахтаобод тумани,4.2,6.1,6.2,10.5,36.0,91.7,120.1,118.9,132.8,260.9,334.2,385.9,314.2
1703236,Xo‘jaobod tumani,Ходжаабадский район,Khojaabad district,Хўжаобод тумани,35.4,38.4,45.7,64.3,85.0,188.5,222.0,275.8,456.2,549.5,770.5,1009.5,1864.9
1706,Buxoro viloyati,Бухарская область,Bukhara region,Бухоро вилояти,764.1,977.2,1082.0,1331.8,1732.7,2292.0,2635.9,3112.1,3661.3,5311.1,6701.9,8570.2,4899.6
1706401,Buxoro shahri,Город Бухара,Bukhara city,Бухоро шаҳри,174.1,189.1,195.6,201.9,388.3,470.0,592.7,875.8,1053.6,808.8,1266.5,1706.1,1342.3
1706403,Kogon shahri,Город Каган,Kagan city,Когон шаҳри,63.1,100.8,101.8,172.3,87.8,98.7,126.3,128.2,139.2,247.1,279.7,361.3,235.7
1706204,Olot tumani,Алатский район,Alat district,Олот тумани,7.5,12.8,15.7,18.7,48.8,66.0,86.2,87.1,94.0,154.0,296.6,175.3,110.2
1706207,Buxoro tumani,Бухарский район,Bukhara district,Бухоро тумани,14.8,23.9,35.6,46.8,144.7,185.6,186.1,206.6,242.9,439.9,394.5,375.7,200.5
1706212,Vobkent tumani,Вабкентский район,Vobkent district,Бухоро тумани,19.3,27.1,43.9,52.7,71.1,158.8,212.5,227.2,247.4,304.9,356.8,364.1,310.5
1706215,G‘ijduvon tumani,Гиждуванский район,Gijduvan district,Ғиждувон тумани,34.1,46.4,59.4,76.7,181.5,260.7,303.1,334.2,369.8,539.4,795.6,1083.8,807.6
1706219,Kogon tumani,Каганский район,Kagan district,Когон тумани,11.9,17.8,24.0,39.7,110.9,117.7,90.4,103.0,163.9,506.8,291.0,536.3,408.5
1706230,Qorako‘l tumani,Каракульский район,Karakul district,Қоракўл тумани,30.7,39.0,64.4,79.6,116.8,160.0,174.1,176.7,215.7,319.6,409.9,435.6,405.5
1706232,Qorovulbozor tumani,Караулбазарский район,Qorovulbozor district,Қоровулбозор тумани,351.3,433.8,433.9,488.7,251.3,272.9,323.3,416.0,457.8,973.2,1336.0,1663.7,204.8
1706240,Peshku tumani,Пешкунский  район,Peshkun district,Пешку тумани,4.7,8.1,11.0,17.4,50.0,91.9,84.3,82.8,108.0,140.7,199.4,368.7,138.1
1706242,Romitan tumani,Ромитанский район,Romitan district,Ромитан тумани,15.0,23.5,27.8,35.6,81.2,126.3,136.7,146.4,174.2,335.1,300.1,412.2,152.4
1706246,Jondor tumani,Жондоpский район,Jondor  district,Жондор тумани,28.7,41.4,49.0,73.6,125.2,166.8,182.9,191.7,242.1,326.0,485.3,684.3,365.3
1706258,Shofirkon tumani,Шафирканский район,Shafirkan district,Шофиркон тумани,8.9,13.5,20.0,28.3,75.2,116.6,137.3,136.4,152.8,215.7,290.6,403.1,218.4
1708,Jizzax viloyati,Джизакская область,Jizzakh region,Жиззах вилояти,256.9,312.8,382.6,442.1,573.6,878.1,1053.4,1299.5,1821.5,2351.6,2992.9,4009.7,4115.2
1708401,Jizzax shahri,Город Джизак,Jizzakh city,Жиззах шаҳри,112.9,130.8,177.8,179.7,224.5,335.7,468.2,624.3,1004.6,978.7,928.6,1163.8,669.8
1708201,Arnasoy tumani,Арнасайский район,Arnasay district,Aрнасой тумани,3.5,3.8,5.0,6.6,8.5,17.6,20.2,36.4,37.4,73.4,168.6,237.7,166.9
1708204,Baxmal tumani,Бахмальский район,Bakhmal district,Бахмал тумани,23.6,38.6,24.0,31.3,39.5,50.1,23.3,42.7,38.5,70.4,85.7,96.6,70.5
1708209,G‘allaorol tumani,Галляаральский район,Gallaaral district,Ғаллаорол тумани,14.3,18.3,26.5,31.0,42.1,74.0,79.5,59.3,66.6,103.6,110.4,1180.5,2245.9
1708212,Sharof Rashidov tumani,Шароф-Рашидовский  район,Sharof Rashidov  district,Шароф Рашидов тумани,18.6,23.3,27.6,37.6,54.7,91.4,83.3,109.1,111.5,232.6,237.8,243.9,175.9
1708215,Do‘stlik tumani,Дустликский район,Dustlik district,Дўстлик тумани,42.0,49.9,59.6,56.4,72.2,81.6,126.7,116.8,171.4,217.9,533.5,216.8,101.8
1708218,Zomin tumani,Зааминский район,Zomin district,Зомин тумани,11.4,13.1,17.8,19.2,25.0,62.2,59.9,74.5,126.5,206.6,219.0,150.8,154.9
1708220,Zarbdor tumani,Зарбдарский район,Zarbdar district,Зарбдор тумани,5.0,5.5,6.4,6.5,10.9,23.2,38.8,39.9,57.6,90.3,140.2,162.1,126.9
1708223,Mirzacho‘l tumani,Мирзачульский район,Mirzachul district,Мирзачўл тумани,6.7,6.0,7.9,9.7,13.0,34.2,31.6,38.2,43.2,67.9,73.0,82.5,29.1
1708225,Zafarobod tumani,Зафарабадский район,Zafarabad district,Зафаробод тумани,3.6,4.3,5.3,5.7,7.1,13.4,17.0,36.0,39.7,51.3,63.5,75.3,23.2
1708228,Paxtakor tumani,Пахтакорский район,Pakhtakor district,Пахтакор тумани,5.4,6.7,9.4,42.5,52.3,43.9,54.3,42.9,47.3,98.0,169.9,278.8,150.1
1708235,Forish tumani,Фаришский район,Farish district,Фориш тумани,7.7,9.7,11.4,11.5,17.4,40.2,34.4,43.8,50.5,107.6,181.1,93.2,181.7
1708237,Yangiobod tumani,Янгиободский район,Yangiabad district,Янгиобод тумани,2.2,2.8,3.9,4.4,6.4,10.6,16.3,35.6,26.5,53.4,81.6,27.8,18.4
1710,Qashqadaryo viloyati,Кашкадарьинская область,Kashkadarya region,Қашқадарё вилояти,651.7,815.6,947.8,1498.2,1520.5,2094.3,2577.2,2549.3,2891.7,3899.8,4947.4,4660.9,3003.5
1710401,Qarshi  shahri,Город Карши,Karshi city,Қарши шаҳри,263.3,319.7,381.1,563.8,567.9,885.9,1190.5,856.5,919.3,1202.9,1485.0,1391.9,636.8
1710405,Shahrisabz shahri,Город Шахрисабз,Shakhrisabz city,Шаҳрисабз шаҳри,0.0,0.0,0.0,0.0,0.0,0.0,0.0,160.7,210.8,281.7,309.4,319.1,277.3
1710240,Ko‘kdala tumani,Кукдалинский район,Kukdala district,Кўкдала тумани,0.0,0.0,0.0,0.0,0.0,0.0,0.0,0.0,0.0,0.0,0.0,0.0,79.4
1710207,G‘uzor tumani,Гузарский район,Gissar district,Ғузор тумани,6.2,10.2,12.6,23.9,24.2,28.8,38.7,61.0,74.5,101.5,134.8,184.2,119.9
1710212,Dehqonobod tumani,Дехканабадский район,Dehkanabad district,Деҳқонобод тумани,3.5,5.7,6.6,11.3,11.9,16.7,18.7,38.6,46.0,65.5,95.7,97.9,66.2
1710220,Qamashi tumani,Камашинский район,Kamashi district,Қамаши тумани,35.7,24.6,28.5,48.4,50.7,67.7,91.1,141.7,140.7,195.5,222.7,228.5,140.0
1710224,Qarshi tumani,Каршинский район,Karshi district,Қарши тумани,12.9,18.3,21.1,35.3,37.4,49.2,68.6,128.1,159.6,175.9,213.6,240.0,134.4
1710229,Koson tumani,Касанский район,Kasan district,Косон тумани,79.6,80.5,85.3,136.8,125.7,150.9,183.5,211.2,270.2,326.0,363.5,343.7,216.0
1710232,Kitob tumani,Китабский район,Kitab district,Китоб тумани,29.6,38.1,44.1,76.8,80.7,113.3,127.1,164.8,165.1,223.0,236.2,230.2,150.0
1710233,Mirishkor tumani,Миришкорский район,Mirishkor district,Миришкор тумани,7.8,14.2,16.4,29.5,30.9,39.8,42.6,56.7,65.0,143.0,110.3,186.1,138.5
1710234,Muborak tumani,Мубарекский район,Mubarek district,Муборак тумани,9.4,11.9,14.0,27.7,28.1,29.8,31.5,55.2,65.3,91.0,105.9,107.3,85.3
1710235,Nishon tumani,Нишанский  район,Nishon district,Нишон тумани,9.3,9.7,10.9,17.9,18.9,39.2,34.2,63.1,70.4,105.5,135.7,111.1,125.9
1710237,Kasbi tumani,Касбинский район,Kasbi district,Касби тумани,4.7,8.7,10.1,17.8,18.7,24.3,28.3,70.8,81.5,124.9,391.1,170.1,245.0
1710242,Chiroqchi tumani,Чиракчинский район,Chirakchi district,Чироқчи тумани,22.6,41.7,48.6,85.0,89.1,110.7,116.8,140.4,173.6,228.2,261.0,274.5,171.4
1710245,Shahrisabz tumani,Шахрисабзский район,Shakhrisabz district,Шаҳрисабз тумани,141.4,188.0,219.4,345.2,352.3,428.8,495.1,246.3,235.7,348.1,417.0,414.4,148.9
1710250,Yakkabog‘ tumani,Яккабагский район,Yakkabag district,Яккабоғ тумани,25.7,44.3,49.1,78.8,83.9,109.2,110.7,154.1,214.0,287.2,465.5,362.0,268.5
1712,Navoiy viloyati,Навоийская область,Navoi region,Навоий вилояти,455.8,568.7,716.5,1096.1,1112.2,1768.6,2139.2,2193.6,2528.3,3243.4,3896.5,4342.5,3156.4
1712401,Navoiy shahri,Город Навои,Navoi city,Навоий шаҳри,312.7,395.7,479.9,355.4,357.5,557.4,651.3,646.5,767.1,911.7,1199.0,1108.0,592.7
1712408,Zarafshon shahri,Город Заpафшан,Zarafshan city,Зарафшон шаҳри,40.8,24.8,18.6,87.1,88.0,140.8,142.2,142.6,147.0,218.5,245.0,320.3,212.2
1712412,G‘ozg‘on shahri,Город Газган,Gazgan city,Ғозғон шаҳри,0.0,0.0,0.0,0.0,0.0,0.0,0.0,0.0,0.0,0.0,0.0,24.3,19.3
1712211,Konimex tumani,Канимехский  район,Kanimekh district,Конимех тумани,3.4,5.4,7.3,28.6,29.4,45.8,57.1,56.5,58.6,76.8,87.3,104.5,84.0
1712216,Qiziltepa tumani,Кызылтепинский район,Kyzyltepa district,Қизилтепа тумани,30.4,50.1,64.8,131.2,133.7,212.2,282.1,277.6,315.3,405.8,474.1,600.1,536.0
1712230,Navbahor tumani,Навбахорский район,Navbahor district,Навбаҳор тумани,5.4,6.1,15.0,79.8,81.4,130.1,176.1,181.4,187.7,232.7,269.1,311.9,331.5
1712234,Karmana tumani,Карманинский район,Karmana district,Кармана тумани,32.3,43.7,81.9,120.0,132.3,194.7,248.4,300.9,380.6,559.2,701.5,879.0,495.9
1712238,Nurota tumani,Нуратинский район,Nurota district,Нурота тумани,5.8,7.8,9.4,66.2,57.7,108.9,138.3,139.2,183.4,205.0,222.9,233.8,248.9
1712244,Tomdi tumani,Тамдынский район,Tomdy district,Томди тумани,1.3,2.4,4.0,12.7,13.1,21.5,26.1,25.4,30.3,32.3,34.2,44.4,33.3
1712248,Uchquduq tumani,Учкудукский район,Uchkuduk district,Учқудуқ тумани,5.2,5.7,6.0,37.4,38.6,62.7,72.0,74.0,79.2,104.4,110.9,119.0,88.1
1712251,Xatirchi tumani,Хатырчинский район,Khatyrchi district,Хатирчи тумани,18.4,27.0,29.5,177.8,180.5,294.5,345.6,349.4,379.1,497.0,552.5,597.3,514.5
1714,Namangan viloyati,Наманганская область,Namangan region,Наманган вилояти,581.8,774.5,968.6,1113.1,1413.1,2098.1,2413.4,3090.5,4135.6,6030.0,6442.2,8303.8,7696.0
1714401,Namangan shahri,Город Наманган,Namangan city,Наманган шаҳри,306.8,416.7,491.1,498.3,603.5,1091.1,1341.9,1567.8,2130.4,2383.3,2728.4,3999.6,3375.0
1714204,Mingbuloq tumani,Мингбулакский район,Mingbulak district,Мингбулоқ тумани,4.1,5.4,6.6,8.1,14.0,25.5,29.9,31.2,36.4,64.8,398.9,346.9,144.3
1714207,Kosonsoy tumani,Касансайский район,Kasansay district,Косонсой тумани,20.1,18.8,21.9,34.5,51.7,84.2,103.5,138.7,212.0,293.7,307.7,521.3,716.0
1714212,Namangan tumani,Наманганский район,Namangan district,Наманган тумани,47.8,56.8,104.4,126.6,152.6,178.1,228.4,326.6,529.3,680.0,926.1,685.7,519.9
1714216,Norin tumani,Нарынский район,Naryn district,Норин тумани,6.7,6.5,31.2,40.8,45.7,49.7,48.4,61.4,71.0,271.3,95.1,117.7,95.9
1714219,Pop tumani,Папский район,Pop district,Поп тумани,9.4,27.6,44.2,48.9,62.1,81.9,83.7,107.0,126.1,235.7,281.9,289.2,283.7
1714224,To‘raqo‘rg‘on tumani,Туракурганский район,Turakurgan district,Тўрақўрғон тумани,14.3,8.7,33.3,41.3,68.8,102.4,125.6,307.4,348.2,591.7,343.6,596.2,852.1
1714229,Uychi tumani,Уйчинский район,Uychi district,Уйчи тумани,20.9,32.9,30.2,55.8,97.9,89.8,94.5,108.6,154.2,522.0,232.6,337.0,279.7
1714234,Uchqo‘rg‘on tumani,Учкурганский район,Uchkurgan district,Учқўрғон тумани,91.0,107.8,102.0,111.2,133.3,131.8,122.4,157.1,210.0,511.8,360.0,368.7,357.2
1714236,Chortoq tumani,Чартакский район,Chartak district,Чортоқ тумани,19.8,13.6,17.2,21.7,34.1,71.1,73.6,68.5,69.2,113.9,172.6,263.1,320.6
1714237,Chust tumani,Чустский район,Chust district,Чуст тумани,22.3,32.9,38.6,65.7,73.7,72.4,101.6,141.8,163.8,233.9,402.9,538.4,505.3
1714242,Yangiqo‘rg‘on tumani,Янгикурганский район,Yangikurgan district,Янгиқўрғон тумани,18.4,46.7,48.0,60.1,75.6,120.1,59.8,74.2,85.0,128.0,192.5,239.9,246.2
1718,Samarqand viloyati,Самаркандская область,Samarkand region,Самарқанд вилояти,1412.4,1736.3,2070.7,2484.0,3242.3,3829.9,5079.8,5919.2,7848.2,8745.3,11836.0,14381.9,9896.6
1718401,Samarqand shahri,Город Самарканд,Samarkand city,Самарқанд шаҳри,938.6,1131.7,1227.5,1503.5,1679.2,2212.9,2019.4,2295.1,3463.6,3767.0,4758.6,5487.5,3069.7
1718406,Kattaqo'rg'on shahar,Город  Каттакурган,Kattaqo'rg'on city,Каттақўрғон шаҳар,42.0,54.6,64.5,79.8,96.2,115.4,113.5,129.7,104.5,168.2,247.5,326.7,123.1
1718203,Oqdaryo tumani,Акдарьинский район,Akdarya district,Оқдарё тумани,10.2,12.1,20.6,28.7,53.6,53.8,114.6,145.7,121.8,138.4,309.4,318.5,184.7
1718206,Bulung‘ur tumani,Булунгурский район,Bulungur district,Булунғур тумани,10.9,15.2,34.9,47.5,101.6,102.1,303.5,399.1,484.2,510.7,445.0,499.1,577.1
1718209,Jomboy tumani,Джамбайский район,Jomboy district,Жомбой тумани,67.4,86.7,119.2,129.2,172.0,190.0,215.8,190.1,335.3,332.9,758.8,1260.7,892.2
1718212,Ishtixon tumani,Иштыханский район,Ishtykhan district,Иштихон тумани,9.4,18.0,21.8,25.4,32.4,32.6,130.8,146.2,78.2,198.5,352.4,448.5,353.3
1718215,Kattaqo‘rg‘on tumani,Каттакурганский район,Kattakurgan district,Каттақўрғон тумани,32.1,33.2,44.4,45.9,69.8,70.1,170.1,208.6,170.4,187.8,294.6,227.5,190.3
1718216,Qo‘shrabot tumani,Кошрабадский район,Koshrabad district,Қўшработ тумани,9.4,10.4,12.6,15.4,19.0,19.1,64.5,72.5,20.5,35.1,29.9,63.0,33.9
1718218,Narpay tumani,Нарпайский район,Narpai district,Нарпай тумани,45.5,53.1,66.9,71.1,86.5,97.3,156.9,187.8,135.7,199.0,391.0,373.3,238.2
1718224,Payariq tumani,Пайарыкский район,Payaryk district,Паяриқ тумани,13.3,13.5,20.6,23.4,45.5,45.7,130.9,173.3,96.9,168.0,219.1,193.9,205.0
1718227,Pastdarg‘om tumani,Пастдаргомский район,Pastdargom district,Пастдарғом тумани,25.0,29.9,36.2,46.2,88.1,88.5,225.5,289.1,210.6,294.1,520.6,631.9,293.9
1718230,Paxtachi tumani,Пахтачийский район,Pakhtachi district,Пахтачи тумани,13.6,14.8,16.1,17.0,25.3,25.5,76.6,75.4,75.2,89.7,120.2,387.5,36.2
1718233,Samarqand tumani,Самаркандский район,Samarkand district,Самарқанд тумани,79.2,106.8,169.8,145.2,269.4,270.7,371.0,445.0,546.0,884.9,1040.8,1312.6,930.8
1718235,Nurobod tumani,Нурабадский район,Nurabad district,Нуробод тумани,4.8,5.5,10.1,11.3,17.8,17.9,76.4,89.7,31.7,151.7,226.2,147.8,25.8
1718236,Urgut tumani,Ургутский район,Urgut district,Ургут тумани,77.7,108.0,166.7,216.6,342.5,344.1,527.4,637.7,894.3,1219.3,1502.9,1555.7,1251.7
1718238,Tayloq tumani,Тайлякский район,Tailak district,Тайлоқ тумани,33.2,42.7,38.6,78.0,143.6,144.3,383.0,434.0,1079.4,400.0,619.1,1147.6,1490.6
1722,Surxondaryo viloyati,Сурхандарьинская область,Surkhandarya region,Сурхондарё вилояти,290.7,363.6,445.5,537.8,687.7,942.8,985.2,1068.4,1218.0,1601.3,2161.1,2640.6,1733.6
1722401,Termiz shahri,Город Термез,Termiz  city,Термиз шаҳри,32.8,52.6,65.4,69.2,78.8,140.6,153.1,169.5,155.6,205.6,462.3,471.1,316.4
1722201,Oltinsoy tumani,Алтынсайский район,Altynsay district,Олтинсой тумани,9.6,11.6,15.7,19.1,27.3,21.8,69.3,51.5,49.9,56.8,116.8,171.0,88.1
1722202,Angor tumani,Ангорский район,Angor district,Aнгор тумани,10.5,12.7,17.2,19.8,27.9,46.8,39.8,35.4,47.0,63.9,71.4,89.7,31.5
1722203,Bandixon tumani,Бандихонский район,Bandykhan district,Бандихон тумани,0.0,0.0,0.0,0.0,0.0,0.0,0.0,0.0,0.0,0.0,6.8,11.5,6.2
1722204,Boysun tumani,Байсунский район,Baysun district,Бойсун тумани,15.4,18.1,22.7,27.9,37.0,39.0,39.6,39.7,45.0,59.8,67.2,77.3,33.5
1722207,Muzrabot tumani,Музрабадский район,Muzrabad district,Музработ тумани,14.1,16.2,17.0,20.5,29.9,36.4,33.8,37.1,31.5,42.5,69.3,100.3,41.0
1722210,Denov tumani,Денауский район,Denau district,Денов тумани,52.4,66.5,75.5,99.5,109.0,207.2,209.3,292.3,239.9,281.1,325.6,327.3,183.1
1722212,Jarqo‘rg‘on tumani,Джаркурганский район,Jarkurgan district,Жарқўрғон тумани,12.5,17.1,17.3,23.2,32.1,52.0,51.7,52.5,69.8,160.3,154.1,290.3,316.1
1722214,Qumqo‘rg‘on tumani,Кумкурганский район,Kumkurgan district,Қумқўрғон тумани,13.2,14.4,19.3,23.1,35.8,55.3,48.1,37.9,50.6,65.7,106.2,116.0,58.4
1722215,Qiziriq tumani,Кизирикский район,Kizirik district,Қизириқ тумани,10.4,12.2,14.6,18.2,29.0,32.0,29.4,44.1,35.1,64.6,88.1,151.0,20.7
1722217,Sariosiyo tumani,Сариасийский  район,Sariosia district,Сариосиё тумани,15.9,18.7,22.2,32.6,43.7,57.1,56.7,51.3,103.4,100.2,105.1,127.2,50.3
1722220,Termiz tumani,Термезский район,Termiz district,Термиз тумани,14.1,16.4,23.3,29.0,41.3,48.0,47.7,54.1,70.2,89.6,110.4,125.8,91.1
1722221,Uzun tumani,Узунский район,Uzun district,Узун тумани,12.6,15.0,17.0,21.4,35.7,39.0,39.2,38.9,52.9,61.0,70.3,111.6,48.8
1722223,Sherobod tumani,Шерабадский район,Sherabad district,Шеробод тумани,21.2,27.2,32.0,38.9,52.3,48.6,51.5,49.6,100.6,104.8,116.9,128.1,63.9
1722226,Sho‘rchi tumani,Шурчинский район,Shurchi district,Шўрчи тумани,55.9,65.1,86.2,95.5,107.8,119.0,115.9,114.7,166.5,245.4,290.5,342.5,384.5
1724,Sirdaryo viloyati,Сырдарьинская область,Syrdarya region,Сирдарё вилояти,252.9,391.3,467.8,669.7,822.7,1135.3,1404.0,1516.6,1895.2,2840.3,2812.3,3718.9,2048.1
1724401,Guliston shahri,Город Гулистан,Gulistan city,Гулистон шаҳри,54.7,79.0,76.5,121.0,122.9,152.9,238.9,255.0,346.5,776.1,598.7,684.2,531.3
1724410,Shirin shahri,Город Ширин,Shirin city,Ширин шаҳри,3.0,3.8,5.0,9.4,13.2,19.4,23.6,17.1,18.4,36.0,27.0,21.1,12.6
1724413,Yangiyer shahri,Город Янгиер,Yangier city,Янгийер шаҳри,13.2,16.9,19.0,28.3,39.4,59.8,67.3,55.4,63.4,237.1,240.9,231.1,315.4
1724206,Oqoltin tumani,Акалтынский район,Akaltyn  district,Оқолтин тумани,11.0,11.7,13.9,21.8,36.2,54.3,67.7,51.5,52.3,67.2,151.3,121.5,66.6
1724212,Boyovut tumani,Баяутский район,Bayaut district,Боёвут тумани,14.7,19.5,21.4,52.6,80.2,120.0,133.6,305.6,104.6,111.6,101.6,219.9,132.8
1724216,Sayxunobod tumani,Сайхунабадский район,Saykhunabad district,Сайхунобод тумани,25.1,32.1,33.0,45.3,60.2,92.7,127.2,91.7,103.0,217.6,177.8,192.5,226.6
1724220,Guliston tumani,Гулистанский район,Gulistan district,Гулистон тумани,11.1,14.5,18.0,31.9,50.6,77.3,86.3,57.2,60.9,75.7,56.8,221.7,43.3
1724226,Sardoba tumani,Сардобский район,Sardoba district,Сардоба тумани,9.6,11.0,13.2,25.0,42.7,64.6,74.5,48.7,54.6,61.4,86.3,69.7,54.7
1724228,Mirzaobod tumani,Мирзаабадский район,Mirzaabad district,Мирзаобод тумани,9.5,10.9,12.6,27.4,43.1,64.9,86.0,150.5,270.8,374.2,182.7,320.7,136.4
1724231,Sirdaryo tumani,Сырдарьинский район,Syrdarya district,Сирдарё тумани,83.7,157.4,211.3,241.7,256.6,321.0,380.7,403.4,729.9,758.2,985.8,1468.6,388.1
1724235,Xovos tumani,Хавасский район,Khovos district,Ховос тумани,17.3,34.4,43.9,65.4,77.7,108.4,118.2,80.5,90.9,125.3,203.4,168.0,140.2
1727,Toshkent viloyati,Ташкентская область,Tashkent region,Тошкент вилояти,1335.3,2362.9,2177.1,3053.3,3811.0,4970.1,6250.0,5785.5,7700.9,10859.0,14517.4,19981.5,18290.8
1727401,Nurafshon shahri,Город Нурафшон,Nurafshan city,Нурафшон шаҳри,0.0,0.0,0.0,0.0,0.0,0.0,0.0,57.5,60.5,144.0,229.5,295.0,253.1
1727404,Olmaliq shahri,Город Алмалык,Almalyk city,Олмалиқ шаҳри,25.5,55.1,50.6,59.0,96.8,125.5,138.8,124.8,145.2,156.6,261.4,305.0,329.0
1727407,Angren shahri,Город Ангрен,Angren city,Aнгрен шаҳри,32.7,79.2,102.2,94.0,160.1,195.5,219.4,260.5,420.7,824.0,1393.6,1438.5,1010.7
1727413,Bekobod shahri,Город Бекабад,Bekabad city,Бекобод шаҳри,130.7,73.4,59.6,84.2,110.0,140.2,153.4,160.1,346.2,158.9,177.1,385.5,2594.2
1727419,Chirchiq shahri,Город Чиpчик,Chirchik city,Чирчиқ шаҳри,75.0,166.1,167.2,216.2,270.3,326.0,375.9,467.7,949.1,787.7,1312.3,1661.4,1171.6
1727415,Ohangaron shahri,Город Ахангаран,Akhangaran city,Оҳангарон шаҳри,0.0,0.0,0.0,0.0,0.0,0.0,0.0,198.8,164.8,628.6,1587.3,1512.8,1657.8
1727424,Yangiyo‘lshahri,Город Янгиюль,Yangiyul city,Янгийўлшаҳри,0.0,0.0,0.0,0.0,0.0,0.0,0.0,267.7,324.4,400.0,428.3,441.8,291.5
1727206,Oqqo‘rg‘on tumani,Аккурганский район,Akkurgan district,Оққўрғон тумани,4.6,12.0,9.7,14.9,52.9,69.7,76.7,107.1,126.6,361.3,405.8,650.5,485.3
1727212,Ohangaron tumani,Ахангаранский район,Akhangaran district,Оҳангарон тумани,85.0,128.3,100.7,224.4,307.2,773.5,1039.7,49.7,91.7,137.6,135.9,2251.7,3268.0
1727220,Bekobod tumani,Бекабадский район,Bekabad district,Бекобод тумани,8.9,23.5,16.9,21.7,80.3,102.1,125.7,125.1,121.7,135.3,163.7,158.7,71.8
1727224,Bo‘stonliq tumani,Бостанлыкский район,Bostanlyk district,Бўстонлиқ тумани,32.7,100.6,87.4,107.7,156.5,262.7,323.2,322.0,382.1,463.3,524.3,673.8,665.8
1727228,Bo‘ka tumani,Букинский район,Buka district,Бўка тумани,5.8,12.7,14.5,14.7,64.6,88.1,101.0,92.8,86.7,122.3,146.8,129.9,50.4
1727233,Quyichirchiq tumani,Куйичирчикский район,Kuyichirchik district,Қуйичирчиқ тумани,17.5,30.6,18.3,27.7,67.1,93.3,99.4,88.3,1179.1,204.6,204.9,399.0,183.0
1727237,Zangiota tumani,Зангиатинский район,Zangiata district,Зангиота тумани,253.3,743.2,685.3,960.3,978.8,1063.5,1492.1,985.8,929.3,2166.2,2602.3,3693.9,1154.7
1727239,Yuqorichirchiq tumani,Юкоричирчикский район,Yukorichirchik district,Юқоричирчиқ тумани,41.9,64.4,53.9,75.0,129.2,170.4,217.7,251.9,133.7,552.7,695.8,750.6,584.3
1727248,Qibray tumani,Кибрайский район,Kibray district,Қибрай тумани,453.6,527.9,476.5,595.9,538.9,598.0,752.2,776.2,201.9,1113.2,1423.4,1870.6,1755.8
1727249,Parkent tumani,Паркентский район,Parkent district,Паркент тумани,40.5,126.4,93.3,124.7,146.7,159.0,174.8,176.4,169.2,247.7,235.0,262.4,314.6
1727250,Piskent tumani,Пскентский район,Piskent district,Пискент тумани,9.7,13.8,16.2,28.0,56.1,72.0,88.6,158.7,181.6,230.8,294.7,291.2,251.2
1727253,O‘rtachirchiq tumani,Уртачирчикский район,Urtachirchik district,Ўртачирчиқ тумани,24.4,36.8,40.9,63.5,115.3,152.1,176.1,111.9,199.3,260.2,331.2,464.8,407.3
1727256,Chinoz tumani,Чиназский район,Chinaz district,Чиноз тумани,21.8,34.1,50.0,86.1,103.8,151.9,172.5,177.6,313.1,278.5,329.9,304.7,344.0
1727259,Yangiyo‘l tumani,Янгиюльский район,Yangiyul district,Янгийўл тумани,71.7,135.1,134.0,255.3,376.0,426.6,522.9,272.3,725.2,463.6,526.1,703.5,604.7
1727265,Toshkent tumani,Ташкентский район,Tashkent district,Тошкент тумани,0.0,0.0,0.0,0.0,0.0,0.0,0.0,552.5,448.9,1021.8,1108.3,1336.3,842.0
1730,Farg‘ona  viloyati,Ферганская область,Fergana region,Фарғона вилояти,1136.8,1393.7,1584.8,1961.5,2293.5,2888.1,3316.3,3740.8,4530.1,7216.3,10360.9,11763.9,7634.9
1730401,Farg‘ona shahri,Город Фергана,Fergana city,Фарғона шаҳри,641.5,625.9,494.1,628.7,702.5,641.7,589.9,563.6,856.3,1413.3,1071.4,1584.6,768.2
1730405,Qo‘qon shahri,Город Коканд,Kokand city,Қўқон шаҳри,191.9,192.5,119.6,345.3,388.4,432.5,586.7,620.4,955.6,1074.5,1328.5,1784.9,1443.6
1730408,Quvasoy shahri,Город Кувасай,Kuvasay city,Қувасой шаҳри,53.8,105.6,101.3,168.4,152.6,243.9,154.1,181.7,349.5,206.3,171.7,243.4,119.9
1730412,Marg‘ilon shahri,Город Маpгилан,Margilan city,Марғилон шаҳри,49.6,77.9,75.5,21.9,176.6,297.6,357.6,261.8,334.8,795.1,742.9,1144.0,695.9
1730203,Oltiariq tumani,Алтыарыкский район,Altyaryk district,Олтиариқ тумани,14.3,19.6,70.7,62.6,63.0,80.9,144.8,86.7,83.4,83.1,290.3,175.4,179.4
1730206,Qo‘shtepa tumani,Куштепинский район,Kushtepa district,Қўштепа тумани,5.5,16.2,70.4,31.3,35.4,45.9,86.1,105.7,42.1,331.9,253.7,409.4,275.8
1730209,Bog‘dod tumani,Багдадский район,Baghdad district,Боғдод тумани,33.2,56.4,75.5,96.1,92.7,93.3,114.8,187.6,248.4,389.8,657.4,926.9,579.9
1730212,Buvayda tumani,Бувайдинский район,Buvayda district,Бувайда тумани,4.9,19.5,70.4,46.3,51.0,80.4,86.3,214.7,205.5,244.2,348.5,393.4,221.1
1730215,Beshariq tumani,Бешарыкский район,Besharik district,Бешариқ тумани,18.0,34.5,70.7,69.3,76.4,109.9,153.7,186.4,250.8,160.9,328.8,307.4,178.8
1730218,Quva tumani,Кувинский район,Kuva district,Қува тумани,20.9,52.7,82.5,88.2,117.8,144.9,183.7,159.2,193.0,209.8,362.6,329.4,234.0
1730221,Uchko‘prik tumani,Учкуприкский район,Uchkuprik district,Учкўприк тумани,13.3,23.2,30.9,40.1,39.8,64.8,96.8,179.7,146.1,887.1,1550.6,1707.7,1229.3
1730224,Rishton tumani,Риштанский район,Rishtan district,Риштон тумани,14.1,21.2,72.0,49.5,48.8,84.4,118.4,134.7,97.1,259.1,218.2,302.3,133.8
1730226,So‘x tumani,Сохский район,Sokh district,Сўх тумани,5.5,8.8,10.8,22.9,16.8,27.4,43.6,58.8,13.9,33.8,80.9,80.9,59.3
1730227,Toshloq tumani,Ташлакский район,Tashlak district,Тошлоқ тумани,11.9,21.9,36.8,57.1,67.2,109.5,95.8,118.1,120.5,337.8,1687.7,844.0,517.6
1730230,O‘zbekiston tumani,Узбекистанский район,Uzbekistan district,Ўзбекистон тумани,13.3,20.8,30.9,51.8,47.9,78.0,147.9,209.2,166.9,192.3,278.6,325.3,153.0
1730233,Farg‘ona tumani,Ферганский район,Fergana district,Фарғона тумани,13.7,22.9,3.6,46.2,63.4,103.3,111.7,96.0,88.4,144.0,195.4,245.2,207.1
1730236,Dang‘ara tumani,Дангаринский район,Dangara district,Данғара тумани,10.4,34.2,70.8,58.7,84.6,137.9,110.2,204.5,288.9,272.6,475.1,465.9,349.8
1730238,Furqat tumani,Фуркатский район,Furkat district,Фурқат тумани,6.1,23.8,26.9,35.0,35.1,57.2,64.4,89.5,20.8,93.9,132.7,284.5,204.4
1730242,Yozyovon tumani,Язъяванский район,Yazyavan district,Ёзёвон тумани,15.1,16.0,71.4,42.0,33.5,54.6,69.3,82.5,68.1,86.7,186.0,209.3,84.0
1733,Xorazm viloyati,Хорезмская область,Khorezm region,Хоразм вилояти,346.8,441.1,548.2,682.5,1151.7,1764.5,1671.2,2374.3,3904.7,5673.9,6448.3,8591.6,10277.4
1733401,Urganch shahri,Город Ургенч,Urgench city,Урганч шаҳри,173.6,222.8,231.8,288.6,311.7,573.4,433.8,701.3,777.5,805.1,939.2,1023.8,1556.8
1733406,Xiva shahri,Город Хива,Khiva city,Хива шаҳри,0.0,0.0,0.0,0.0,0.0,0.0,0.0,48.4,99.2,120.1,112.9,129.2,96.9
1733204,Bog‘ot tumani,Багатский район,Bagat district,Боғот тумани,22.8,26.3,40.1,50.0,47.0,50.6,64.3,58.6,119.0,179.3,255.6,221.4,149.6
1733208,Gurlan tumani,Гурленский район,Gurlan district,Гурлан тумани,9.6,12.3,15.3,19.1,18.3,39.3,67.9,38.6,128.7,156.5,201.8,179.3,88.0
1733212,Qo‘shko‘pir tumani,Кошкупырский район,Kushkupyr district,Қўшкўпир тумани,5.9,8.0,17.8,22.1,20.2,95.4,51.5,12.9,60.5,68.9,178.9,88.9,50.4
1733217,Urganch tumani,Ургенчский район,Urgench district,Урганч тумани,24.7,30.2,49.1,61.1,55.7,39.4,124.9,191.0,149.3,209.6,245.1,339.3,223.9
1733220,Xazorasp tumani,Хазараспский район,Khazarasp district,Хазорасп тумани,12.9,16.4,20.3,25.3,501.0,690.2,533.6,1057.0,2033.5,3253.1,128.3,88.3,49.7
1733221,Tuproqqal’a tumani,Тупроккалинский район,Tuprakkala district,Тупроққалъа тумани,0.0,0.0,0.0,0.0,0.0,0.0,0.0,0.0,0.0,0.0,3576.6,5579.6,7458.1
1733223,Xonqa tumani,Ханкинский район,Khanka district,Хонқа тумани,24.3,41.8,46.6,58.0,53.6,94.0,128.0,147.8,199.9,352.2,327.9,334.3,280.5
1733226,Xiva tumani,Хивинский район,Khiva district,Хива тумани,29.6,36.4,70.5,87.8,79.0,65.3,121.5,29.0,88.4,106.7,127.0,102.2,50.1
1733230,Shovot tumani,Шаватский район,Shavat district,Шовот тумани,36.2,36.9,38.2,47.6,43.7,51.9,65.1,60.8,116.6,248.5,152.5,139.2,116.1
1733233,Yangiariq tumani,Янгиарыкский район,Yangiaryk district,Янгиариқ тумани,3.5,4.7,10.4,12.9,12.2,32.4,47.0,13.4,91.0,87.4,107.5,119.8,107.9
1733236,Yangibozor tumani,Янгибазарский район,Yangibazar district,Янгибозор тумани,3.8,5.4,8.0,10.0,9.3,32.6,33.6,15.4,41.3,86.4,94.9,246.3,49.4
1726,Toshkent shahri,город Ташкент,Tashkent city,Тошкент шаҳри,2681.0,3976.5,4901.8,6446.8,6382.8,8731.2,11700.7,14275.8,17840.1,21997.7,24984.3,35424.2,33302.8
1726262,Uchtepa tumani,Учтепинский район,Uchtepa district,Учтепа тумани,239.0,305.2,437.9,575.4,511.9,777.7,926.0,985.9,1091.7,1199.6,2645.8,2744.0,3030.9
1726264,Bektemir tumani,Бектемирский район,Bektemir district,Бектемир тумани,257.0,379.6,467.3,615.8,213.3,838.8,1151.9,1332.6,2374.0,3512.8,2325.5,3507.3,6396.8
1726266,Yunusobod tumani,Юнусабадский район,Yunusabad district,Юнусобод тумани,193.9,294.0,364.3,474.1,477.5,624.7,792.0,1074.9,1153.0,1229.7,1272.9,1782.7,1461.9
1726269,Mirzo Ulug‘bek tumani,Мирзо Улугбекский район,Mirzo Ulugbek district,Мирзо Улуғбек тумани,195.7,346.4,367.5,478.4,501.1,631.3,630.3,1024.1,1111.0,1294.9,1419.5,1746.1,1094.1
1726273,Mirobod tumani,Мирабадский район,Mirabad district,Миробод тумани,160.3,247.9,309.0,397.9,334.0,509.7,647.1,549.7,657.7,1584.2,1938.2,2470.5,1461.3
1726277,Shayxontoxur tumani,Шайхантахурский район,Shaykhantakhur district,Шайхонтохур тумани,207.8,312.8,387.0,505.5,632.5,671.9,1067.3,916.4,1379.4,1139.7,813.0,1310.3,615.0
1726280,Olmazor tumani,Алмазарский район,Almazar district,Олмазор тумани,303.1,402.1,542.6,719.6,724.0,995.4,1617.9,2115.7,2328.8,2531.7,3059.4,3609.0,2949.1
1726283,Sirg‘ali tumani,Сергелийский район,Sergeli district,Сирғали тумани,281.1,422.0,506.6,670.1,667.8,920.6,1387.8,1638.3,2337.1,2871.1,3170.7,3531.9,4933.4
1726287,Yakkasaroy tumani,Яккасарайский район,Yakkasaray district,Яккасарой тумани,180.2,275.3,342.0,443.3,416.0,578.2,748.0,930.7,1128.9,1330.6,1408.7,2024.6,1612.9
1726290,Yashnobod tumani,Яшнободский район,Yashnabad district,Яшнобод тумани,338.5,490.2,600.4,799.5,1077.4,1115.6,1344.3,2027.5,2706.4,3356.5,4544.7,7048.8,5670.4
1726292,Yangihayot tumani,Янгихаётский район,Yangikhayot district,Янгиҳаёт тумани,0.0,0.0,0.0,0.0,0.0,0.0,0.0,0.0,0.0,0.0,0.0,1348.6,1397.9
1726294,Chilonzor tumani,Чиланзарский район,Chilanzar district,Чилонзор тумани,324.3,500.9,577.2,767.2,827.4,1067.3,1388.3,1680.0,1572.2,1946.9,2386.0,4300.5,2679.0
